{
    "main": {
        "2": {
            "Head": {
                "HP": {
                    "base": 45.158399999840185,
                    "step": 15.805440000956878
                }
            },
            "Hands": {
                "ATK": {
                    "base": 22.579200000036508,
                    "step": 7.902720001293346
                }
            },
            "Body": {
                "HP": {
                    "base": 0.027648000279441,
                    "step": 0.0096770003438
                },
                "ATK": {
                    "base": 0.027648000279441,
                    "step": 0.0096770003438
                },
                "DEF": {
                    "base": 0.034560000523925,
                    "step": 0.012096000602469
                },
                "CRIT Rate": {
                    "base": 0.02073600073345,
                    "step": 0.00725800008513
                },
                "CRIT DMG": {
                    "base": 0.041472000768408,
                    "step": 0.014515000162646
                },
                "Outgoing Healing Boost": {
                    "base": 0.022118000080809,
                    "step": 0.007741000270471
                },
                "Effect Hit Rate": {
                    "base": 0.027648000279441,
                    "step": 0.0096770003438
                }
            },
            "Feet": {
                "HP": {
                    "base": 0.027648000279441,
                    "step": 0.0096770003438
                },
                "ATK": {
                    "base": 0.027648000279441,
                    "step": 0.0096770003438
                },
                "DEF": {
                    "base": 0.034560000523925,
                    "step": 0.012096000602469
                },
                "SPD": {
                    "base": 1.61280000093393,
                    "step": 1
                }
            },
            "Planar Sphere": {
                "HP": {
                    "base": 0.027648000279441,
                    "step": 0.0096770003438
                },
                "ATK": {
                    "base": 0.027648000279441,
                    "step": 0.0096770003438
                },
                "DEF": {
                    "base": 0.034560000523925,
                    "step": 0.012096000602469
                },
                "Physical DMG Boost": {
                    "base": 0.024883000878617,
                    "step": 0.008708999957889
                },
                "Fire DMG Boost": {
                    "base": 0.024883000878617,
                    "step": 0.008708999957889
                },
                "Ice DMG Boost": {
                    "base": 0.024883000878617,
                    "step": 0.008708999957889
                },
                "Lightning DMG Boost": {
                    "base": 0.024883000878617,
                    "step": 0.008708999957889
                },
                "Wind DMG Boost": {
                    "base": 0.024883000878617,
                    "step": 0.008708999957889
                },
                "Quantum DMG Boost": {
                    "base": 0.024883000878617,
                    "step": 0.008708999957889
                },
                "Imaginary DMG Boost": {
                    "base": 0.024883000878617,
                    "step": 0.008708999957889
                }
            },
            "Link Rope": {
                "Break Effect": {
                    "base": 0.041472000768408,
                    "step": 0.014515000162646
                },
                "Energy Regeneration Rate": {
                    "base": 0.012442000443116,
                    "step": 0.004355000331998
                },
                "HP": {
                    "base": 0.027648000279441,
                    "step": 0.0096770003438
                },
                "ATK": {
                    "base": 0.027648000279441,
                    "step": 0.0096770003438
                },
                "DEF": {
                    "base": 0.034560000523925,
                    "step": 0.012096000602469
                }
            }
        },
        "3": {
            "Head": {
                "HP": {
                    "base": 67.73760000057518,
                    "step": 23.70816000062041
                }
            },
            "Hands": {
                "ATK": {
                    "base": 33.868800000753254,
                    "step": 11.854080001125112
                }
            },
            "Body": {
                "HP": {
                    "base": 0.041472000768408,
                    "step": 0.014515000162646
                },
                "ATK": {
                    "base": 0.041472000768408,
                    "step": 0.014515000162646
                },
                "DEF": {
                    "base": 0.051840000785887,
                    "step": 0.018143999855965
                },
                "CRIT Rate": {
                    "base": 0.031104000052437,
                    "step": 0.010886001167819
                },
                "CRIT DMG": {
                    "base": 0.062208000104874,
                    "step": 0.021773000946268
                },
                "Outgoing Healing Boost": {
                    "base": 0.033178000478074,
                    "step": 0.011612000409514
                },
                "Effect Hit Rate": {
                    "base": 0.041472000768408,
                    "step": 0.014515000162646
                }
            },
            "Feet": {
                "HP": {
                    "base": 0.041472000768408,
                    "step": 0.014515000162646
                },
                "ATK": {
                    "base": 0.041472000768408,
                    "step": 0.014515000162646
                },
                "DEF": {
                    "base": 0.051840000785887,
                    "step": 0.018143999855965
                },
                "SPD": {
                    "base": 2.419199999887496,
                    "step": 1
                }
            },
            "Planar Sphere": {
                "HP": {
                    "base": 0.041472000768408,
                    "step": 0.014515000162646
                },
                "ATK": {
                    "base": 0.041472000768408,
                    "step": 0.014515000162646
                },
                "DEF": {
                    "base": 0.051840000785887,
                    "step": 0.018143999855965
                },
                "Physical DMG Boost": {
                    "base": 0.037324999924749,
                    "step": 0.013064000289887
                },
                "Fire DMG Boost": {
                    "base": 0.037324999924749,
                    "step": 0.013064000289887
                },
                "Ice DMG Boost": {
                    "base": 0.037324999924749,
                    "step": 0.013064000289887
                },
                "Lightning DMG Boost": {
                    "base": 0.037324999924749,
                    "step": 0.013064000289887
                },
                "Wind DMG Boost": {
                    "base": 0.037324999924749,
                    "step": 0.013064000289887
                },
                "Quantum DMG Boost": {
                    "base": 0.037324999924749,
                    "step": 0.013064000289887
                },
                "Imaginary DMG Boost": {
                    "base": 0.037324999924749,
                    "step": 0.013064000289887
                }
            },
            "Link Rope": {
                "Break Effect": {
                    "base": 0.062208000104874,
                    "step": 0.021773000946268
                },
                "Energy Regeneration Rate": {
                    "base": 0.018662000307813,